{
	"credit": "Made with Blockbench",
	"textures": {
		"0": "block/spruce_planks",
		"1": "block/anvil",
		"2": "block/iron_block",
		"particle": "block/spruce_planks"
	},
	"elements": [
		{
			"from": [7.25, 5, 18],
			"to": [8.75, 7, 19],
			"rotation": {"angle": 0, "axis": "y", "origin": [0, 5, 3]},
			"faces": {
				"east": {"uv": [0, 0, 1, 2], "texture": "#0"},
				"south": {"uv": [0, 0, 3, 2], "texture": "#0"},
				"west": {"uv": [0, 0, 1, 2], "texture": "#0"},
				"down": {"uv": [0, 0, 2, 1], "texture": "#0"}
			}
		},
		{
			"from": [7.25, 10.75, 10.175],
			"to": [8.75, 12.75, 16.875],
			"rotation": {"angle": 22.5, "axis": "x", "origin": [0, 5, 3]},
			"faces": {
				"east": {"uv": [0, 0, 7.67, 2], "rotation": 180, "texture": "#0"},
				"west": {"uv": [0, 0, 7.67, 2], "rotation": 180, "texture": "#0"},
				"up": {"uv": [0, 0, 1.5, 7.67], "rotation": 180, "texture": "#0"},
				"down": {"uv": [0, 0, 1.5, 7.67], "rotation": 180, "texture": "#0"}
			}
		},
		{
			"from": [7.26, 7, 13.25],
			"to": [8.74, 9, 19],
			"rotation": {"angle": 0, "axis": "y", "origin": [0, 5, 3]},
			"faces": {
				"north": {"uv": [0, 0, 1.48, 2], "texture": "#0"},
				"east": {"uv": [0, 0, 6, 2], "texture": "#0"},
				"south": {"uv": [0, 0, 1.48, 2], "texture": "#0"},
				"west": {"uv": [0, 0, 6, 2], "texture": "#0"},
				"up": {"uv": [0, 0, 1.48, 6], "texture": "#0"},
				"down": {"uv": [0, 0, 1.48, 6], "texture": "#0"}
			}
		},
		{
			"from": [7, 7.57, 6.6],
			"to": [9, 10.57, 12.6],
			"rotation": {"angle": 0, "axis": "y", "origin": [0, 5, 3]},
			"faces": {
				"north": {"uv": [1, 1, 3, 3], "texture": "#2"},
				"east": {"uv": [1, 1, 7, 3], "texture": "#2"},
				"south": {"uv": [1, 1, 3, 3], "texture": "#2"},
				"west": {"uv": [1, 1, 7, 3], "texture": "#2"},
				"up": {"uv": [1, 1, 3, 7], "texture": "#2"},
				"down": {"uv": [1, 1, 3, 7], "texture": "#2"}
			}
		},
		{
			"from": [8.25, 10.5, 11],
			"to": [8.75, 11, 12],
			"rotation": {"angle": 0, "axis": "y", "origin": [0, 0, 1]},
			"faces": {
				"north": {"uv": [0, 0, 0.5, 0.5], "texture": "#2"},
				"east": {"uv": [0, 0, 1, 0.5], "texture": "#2"},
				"south": {"uv": [0, 0, 0.5, 0.5], "texture": "#2"},
				"west": {"uv": [0, 0, 1, 0.5], "texture": "#2"},
				"up": {"uv": [0, 0, 0.5, 1], "texture": "#2"}
			}
		},
		{
			"from": [7.25, 10.5, 11],
			"to": [7.75, 11, 12],
			"rotation": {"angle": 0, "axis": "y", "origin": [0, 0, 1]},
			"faces": {
				"north": {"uv": [0, 0, 0.5, 0.5], "texture": "#2"},
				"east": {"uv": [0, 0, 1, 0.5], "texture": "#2"},
				"south": {"uv": [0, 0, 0.5, 0.5], "texture": "#2"},
				"west": {"uv": [0, 0, 1, 0.5], "texture": "#2"},
				"up": {"uv": [0, 0, 0.5, 1], "texture": "#2"}
			}
		},
		{
			"from": [7.5, 6.57, 9.5],
			"to": [8.5, 7.57, 9.75],
			"rotation": {"angle": 0, "axis": "y", "origin": [0, -1, 2]},
			"faces": {
				"north": {"uv": [0, 0, 1, 1], "texture": "#1"},
				"east": {"uv": [0, 0, 0.25, 1], "texture": "#1"},
				"south": {"uv": [0, 0, 1, 1], "texture": "#1"},
				"west": {"uv": [0, 0, 0.25, 1], "texture": "#1"},
				"down": {"uv": [0, 0, 1, 0.25], "texture": "#1"}
			}
		},
		{
			"from": [7.5, 6.57, 11.5],
			"to": [8.5, 7.57, 11.75],
			"rotation": {"angle": 0, "axis": "y", "origin": [0, -1, 2]},
			"faces": {
				"north": {"uv": [0, 0, 1, 1], "texture": "#1"},
				"east": {"uv": [0, 0, 0.25, 1], "texture": "#1"},
				"south": {"uv": [0, 0, 1, 1], "texture": "#1"},
				"west": {"uv": [0, 0, 0.25, 1], "texture": "#1"},
				"down": {"uv": [0, 0, 1, 0.25], "texture": "#1"}
			}
		},
		{
			"from": [7.5, 6.32, 9.75],
			"to": [8.5, 6.57, 11.5],
			"rotation": {"angle": 0, "axis": "y", "origin": [0, -1, 2]},
			"faces": {
				"north": {"uv": [0, 0, 1, 0.25], "texture": "#1"},
				"east": {"uv": [0, 0, 1.75, 0.25], "texture": "#1"},
				"south": {"uv": [0, 0, 1, 0.25], "texture": "#1"},
				"west": {"uv": [0, 0, 1.75, 0.25], "texture": "#1"},
				"up": {"uv": [0, 0, 1, 1.75], "texture": "#1"},
				"down": {"uv": [0, 0, 1, 1.75], "texture": "#1"}
			}
		},
		{
			"from": [7.5, 9.47, 6.7],
			"to": [8, 10.32, 6.95],
			"rotation": {"angle": 22.5, "axis": "x", "origin": [0, -1, 2]},
			"faces": {
				"north": {"uv": [0, 0, 0.5, 0.8], "texture": "#1"},
				"east": {"uv": [0, 0, 0.25, 0.8], "texture": "#1"},
				"south": {"uv": [0, 0, 0.5, 0.8], "texture": "#1"},
				"west": {"uv": [0, 0, 0.25, 0.8], "texture": "#1"},
				"down": {"uv": [0, 0, 0.5, 0.25], "texture": "#1"}
			}
		},
		{
			"from": [6, 4.3, 8],
			"to": [10, 8.3, 9],
			"rotation": {"angle": 0, "axis": "y", "origin": [0, 0, -3]},
			"faces": {
				"north": {"uv": [0, 0, 4, 4], "texture": "#1"},
				"east": {"uv": [0, 0, 1, 4], "texture": "#1"},
				"south": {"uv": [0, 0, 4, 4], "texture": "#1"},
				"west": {"uv": [0, 0, 1, 4], "texture": "#1"},
				"up": {"uv": [0, 0, 4, 1], "texture": "#1"},
				"down": {"uv": [0, 0, 4, 1], "texture": "#1"}
			}
		},
		{
			"from": [12, 0.68, -2.4],
			"to": [13, 1.68, 6.6],
			"rotation": {"angle": 45, "axis": "z", "origin": [0, 0, -3]},
			"faces": {
				"north": {"uv": [0, 0, 1, 1], "texture": "#1"},
				"east": {"uv": [0, 0, 9, 1], "texture": "#2"},
				"west": {"uv": [0, 0, 9, 1], "texture": "#2"},
				"up": {"uv": [0, 0, 1, 9], "texture": "#2"},
				"down": {"uv": [0, 0, 1, 9], "texture": "#2"}
			}
		},
		{
			"from": [7.5, 8.6, 0],
			"to": [8.5, 9.6, 5],
			"rotation": {"angle": 0, "axis": "y", "origin": [0, 0, 1]},
			"faces": {
				"north": {"uv": [0, 0, 1, 1], "texture": "#0"},
				"east": {"uv": [0, 0, 3, 1], "texture": "#0"},
				"south": {"uv": [0, 0, 1, 1], "texture": "#0"},
				"west": {"uv": [0, 0, 3, 1], "texture": "#0"},
				"up": {"uv": [0, 0, 1, 3], "texture": "#0"},
				"down": {"uv": [0, 0, 1, 3], "texture": "#0"}
			}
		},
		{
			"from": [7.85, 10, -2],
			"to": [8.15, 11, -1.5],
			"rotation": {"angle": 0, "axis": "y", "origin": [0, 0, 1]},
			"faces": {
				"north": {"uv": [0, 0, 0.3, 1], "texture": "#2"},
				"east": {"uv": [0, 0, 0.5, 1], "texture": "#2"},
				"south": {"uv": [0, 0, 0.3, 1], "texture": "#2"},
				"west": {"uv": [0, 0, 0.5, 1], "texture": "#2"},
				"up": {"uv": [0, 0, 0.3, 0.5], "texture": "#2"}
			}
		}
	],
	"display": {
		"thirdperson_righthand": {
			"translation": [-0.25, 0.25, -2]
		},
		"firstperson_righthand": {
			"translation": [-0.5, 3.25, -2.75]
		},
		"ground": {
			"translation": [0, 1, 0]
		},
		"gui": {
			"rotation": [22.5, 135, 0],
			"translation": [-0.25, 0, 0]
		},
		"fixed": {
			"rotation": [0, -90, 0],
			"translation": [0, 0, -1.75]
		}
	}
}