{
	"credit": "Made with Blockbench",
	"textures": {
		"0": "block/spruce_planks",
		"1": "block/anvil",
		"2": "block/iron_block",
		"particle": "block/spruce_planks"
	},
	"elements": [
		{
			"from": [6.5, 5, 22.5],
			"to": [9.5, 9, 23],
			"rotation": {"angle": 0, "axis": "y", "origin": [0, 5, 7]},
			"faces": {
				"east": {"uv": [0, 0, 0.5, 4], "texture": "#1"},
				"south": {"uv": [0, 0, 3, 4], "texture": "#1"},
				"west": {"uv": [0, 0, 0.5, 4], "texture": "#1"},
				"up": {"uv": [0, 0, 3, 0.5], "texture": "#1"},
				"down": {"uv": [0, 0, 3, 0.5], "texture": "#1"}
			}
		},
		{
			"from": [6.5, 5, 22],
			"to": [9.5, 7, 22.5],
			"rotation": {"angle": 0, "axis": "y", "origin": [0, 5, 7]},
			"faces": {
				"north": {"uv": [0, 0, 3, 2], "texture": "#0"},
				"east": {"uv": [0.032, 0.032, 0.532, 2.032], "texture": "#0"},
				"south": {"uv": [0.032, 4.032, 3.032, 6.032], "texture": "#0"},
				"west": {"uv": [0.032, 0.032, 0.532, 2.032], "texture": "#0"},
				"down": {"uv": [0.032, 0.032, 3.032, 0.532], "texture": "#0"}
			}
		},
		{
			"from": [6.6, 10.75, 15.7],
			"to": [9.4, 12.75, 20.9],
			"rotation": {"angle": 22.5, "axis": "x", "origin": [0, 5, 7]},
			"faces": {
				"east": {"uv": [3.032, 0, 8.232, 2], "rotation": 180, "texture": "#0"},
				"west": {"uv": [8.032, 0, 13.232, 2], "rotation": 180, "texture": "#0"},
				"down": {"uv": [0.032, 0.032, 2.832, 5.232], "rotation": 180, "texture": "#0"}
			}
		},
		{
			"from": [6.5, 7, 14.1],
			"to": [9.5, 9, 22.5],
			"rotation": {"angle": 0, "axis": "y", "origin": [0, 5, 7]},
			"faces": {
				"north": {"uv": [0.032, 2.032, 3.032, 4.032], "texture": "#0"},
				"east": {"uv": [0, 2.032, 8.4, 4.032], "texture": "#0"},
				"south": {"uv": [0.032, 2.032, 3.032, 4.032], "texture": "#0"},
				"west": {"uv": [0, 2.032, 8.4, 4.032], "texture": "#0"},
				"up": {"uv": [0, 0, 3, 8.4], "texture": "#0"},
				"down": {"uv": [13, 7.6, 16, 16], "texture": "#0"}
			}
		},
		{
			"from": [6.75, -0.625, 13.415],
			"to": [9.25, 4.075, 15.415],
			"rotation": {"angle": -45, "axis": "x", "origin": [0, 5, 7]},
			"faces": {
				"north": {"uv": [0.032, 0, 2.532, 4.7], "texture": "#0"},
				"east": {"uv": [0, 0.032, 2, 4.732], "texture": "#0"},
				"south": {"uv": [0, 0, 2.5, 4.7], "texture": "#0"},
				"west": {"uv": [0, 0, 2, 4.7], "texture": "#0"},
				"up": {"uv": [0, 0, 2.5, 2], "texture": "#0"},
				"down": {"uv": [0, 0, 2.5, 2], "texture": "#0"}
			}
		},
		{
			"from": [7, 8.3, 5.6],
			"to": [9, 10.3, 13.6],
			"rotation": {"angle": 0, "axis": "y", "origin": [0, 5.5, 6.5]},
			"faces": {
				"north": {"uv": [0.032, 0.032, 2.032, 2.032], "texture": "#0"},
				"east": {"uv": [0.032, 0.032, 8.032, 2.032], "texture": "#0"},
				"west": {"uv": [0.032, 0.032, 8.032, 2.032], "texture": "#0"},
				"up": {"uv": [0.032, 0.032, 2.032, 8.032], "texture": "#0"},
				"down": {"uv": [0.032, 0.032, 2.032, 8.032], "texture": "#0"}
			}
		},
		{
			"from": [7, 8.8, 1.6],
			"to": [9, 10.3, 5.6],
			"rotation": {"angle": 0, "axis": "y", "origin": [0, 5.5, 6.5]},
			"faces": {
				"north": {"uv": [0.032, 0.032, 2.032, 1.532], "texture": "#0"},
				"east": {"uv": [0.032, 0.032, 4.032, 1.532], "texture": "#0"},
				"west": {"uv": [0.032, 0.032, 4.032, 1.532], "texture": "#0"},
				"up": {"uv": [0.032, 0.032, 2.032, 4.032], "texture": "#0"},
				"down": {"uv": [0.032, 0.032, 2.032, 4.032], "texture": "#0"}
			}
		},
		{
			"from": [7, 9.3, -4.4],
			"to": [9, 10.3, 1.6],
			"rotation": {"angle": 0, "axis": "y", "origin": [0, 5.5, 6.5]},
			"faces": {
				"north": {"uv": [0.032, 0.032, 2.032, 1.032], "texture": "#0"},
				"east": {"uv": [0.032, 0.032, 6.032, 1.032], "texture": "#0"},
				"west": {"uv": [0.032, 0.032, 6.032, 1.032], "texture": "#0"},
				"up": {"uv": [0.032, 0.032, 2.032, 6.032], "texture": "#0"},
				"down": {"uv": [0.032, 0.032, 2.032, 6.032], "texture": "#0"}
			}
		},
		{
			"from": [7.5, 9.75, -8],
			"to": [8.5, 10.75, 9],
			"rotation": {"angle": 0, "axis": "y", "origin": [0, 5.5, 6.5]},
			"faces": {
				"north": {"uv": [0, 0, 1, 1], "texture": "#1"},
				"east": {"uv": [0, 0, 16, 1], "texture": "#1"},
				"south": {"uv": [0, 0, 1, 1], "texture": "#1"},
				"west": {"uv": [0, 0, 16, 1], "texture": "#1"},
				"up": {"uv": [0, 0, 1, 16], "texture": "#1"},
				"down": {"uv": [0, 0, 1, 16], "texture": "#1"}
			}
		},
		{
			"from": [7.5, 10.3, 11.5],
			"to": [8.5, 10.75, 13.5],
			"rotation": {"angle": 0, "axis": "y", "origin": [0, 5.5, 6.5]},
			"faces": {
				"north": {"uv": [0, 0, 1, 0.45], "texture": "#1"},
				"east": {"uv": [0, 0, 2, 0.45], "texture": "#1"},
				"south": {"uv": [0, 0, 1, 0.45], "texture": "#1"},
				"west": {"uv": [0, 0, 2, 0.45], "texture": "#1"},
				"up": {"uv": [0, 0, 1, 2], "texture": "#1"}
			}
		},
		{
			"from": [7.875, 10.75, -8],
			"to": [8.125, 11.5, -7],
			"rotation": {"angle": 0, "axis": "y", "origin": [0, 0.5, 1.5]},
			"faces": {
				"north": {"uv": [0, 0, 0.25, 0.75], "texture": "#1"},
				"east": {"uv": [0, 0, 1, 0.75], "texture": "#1"},
				"south": {"uv": [0, 0, 0.25, 0.75], "texture": "#1"},
				"west": {"uv": [0, 0, 1, 0.75], "texture": "#1"},
				"up": {"uv": [0, 0, 0.25, 1], "texture": "#1"}
			}
		},
		{
			"from": [7.75, 8.3, -0.5],
			"to": [8.25, 9.3, 0.5],
			"rotation": {"angle": 0, "axis": "y", "origin": [0, 5.5, 6.5]},
			"faces": {
				"north": {"uv": [0, 0, 0.5, 1], "texture": "#1"},
				"east": {"uv": [0, 0, 1, 1], "texture": "#1"},
				"south": {"uv": [0, 0, 0.5, 1], "texture": "#1"},
				"west": {"uv": [0, 0, 1, 1], "texture": "#1"},
				"down": {"uv": [0, 0, 0.5, 1], "texture": "#1"}
			}
		},
		{
			"from": [7.75, 8.3, -5],
			"to": [8.25, 8.8, -0.5],
			"rotation": {"angle": 0, "axis": "y", "origin": [0, 5.5, 6.5]},
			"faces": {
				"north": {"uv": [0, 0, 0.5, 0.5], "texture": "#1"},
				"east": {"uv": [0, 0, 4.5, 0.5], "texture": "#1"},
				"west": {"uv": [0, 0, 4.5, 0.5], "texture": "#1"},
				"up": {"uv": [0, 0, 0.5, 4.5], "texture": "#1"},
				"down": {"uv": [0, 0, 0.5, 4.5], "texture": "#1"}
			}
		},
		{
			"from": [7.625, 10.3, 9],
			"to": [8.375, 10.6, 11.5],
			"rotation": {"angle": 0, "axis": "y", "origin": [0, 5.5, 6.5]},
			"faces": {
				"east": {"uv": [0, 0, 2.5, 0.3], "texture": "#2"},
				"west": {"uv": [0, 0, 2.5, 0.3], "texture": "#2"},
				"up": {"uv": [0, 0, 0.75, 2.5], "texture": "#2"}
			}
		},
		{
			"from": [7.75, 10.6, 10.75],
			"to": [9, 10.85, 11],
			"rotation": {"angle": 0, "axis": "y", "origin": [0, 5.5, 6.5]},
			"faces": {
				"north": {"uv": [0, 0, 1.25, 0.25], "texture": "#2"},
				"south": {"uv": [0, 0, 1.25, 0.25], "texture": "#2"},
				"west": {"uv": [0, 0, 0.25, 0.25], "texture": "#2"},
				"up": {"uv": [0, 0, 1.25, 0.25], "texture": "#2"},
				"down": {"uv": [0, 0, 1.25, 0.25], "texture": "#2"}
			}
		},
		{
			"from": [9, 10.475, 10.625],
			"to": [9.5, 10.975, 11.125],
			"rotation": {"angle": 0, "axis": "y", "origin": [0, 5.5, 6.5]},
			"faces": {
				"north": {"uv": [0, 0, 0.5, 0.5], "texture": "#2"},
				"east": {"uv": [0, 0, 0.5, 0.5], "texture": "#2"},
				"south": {"uv": [0, 0, 0.5, 0.5], "texture": "#2"},
				"west": {"uv": [0, 0, 0.5, 0.5], "texture": "#2"},
				"up": {"uv": [0, 0, 0.5, 0.5], "texture": "#2"},
				"down": {"uv": [0, 0, 0.5, 0.5], "texture": "#2"}
			}
		},
		{
			"from": [7.5, 7, 8.5],
			"to": [8.5, 8.3, 8.75],
			"rotation": {"angle": 0, "axis": "y", "origin": [0, 0.5, -3.5]},
			"faces": {
				"north": {"uv": [0, 0, 1, 1.3], "texture": "#1"},
				"east": {"uv": [0, 0, 0.25, 1.3], "texture": "#1"},
				"south": {"uv": [0, 0, 1, 1.3], "texture": "#1"},
				"west": {"uv": [0, 0, 0.25, 1.3], "texture": "#1"},
				"down": {"uv": [0, 0, 1, 0.25], "texture": "#1"}
			}
		},
		{
			"from": [7.5, 6.75, 8.75],
			"to": [8.5, 7, 11],
			"rotation": {"angle": 0, "axis": "y", "origin": [0, 0.5, -3.5]},
			"faces": {
				"north": {"uv": [0, 0, 1, 0.25], "texture": "#1"},
				"east": {"uv": [0, 0, 2.25, 0.25], "texture": "#1"},
				"south": {"uv": [0, 0, 1, 0.25], "texture": "#1"},
				"west": {"uv": [0, 0, 2.25, 0.25], "texture": "#1"},
				"up": {"uv": [0, 0, 1, 2.25], "texture": "#1"},
				"down": {"uv": [0, 0, 1, 2.25], "texture": "#1"}
			}
		},
		{
			"from": [7.5, 7, 11],
			"to": [8.5, 8.3, 11.25],
			"rotation": {"angle": 0, "axis": "y", "origin": [0, 0.5, -3.5]},
			"faces": {
				"north": {"uv": [0, 0, 1, 1.3], "texture": "#1"},
				"east": {"uv": [0, 0, 0.25, 1.3], "texture": "#1"},
				"south": {"uv": [0, 0, 1, 1.3], "texture": "#1"},
				"west": {"uv": [0, 0, 0.25, 1.3], "texture": "#1"},
				"down": {"uv": [0, 0, 1, 0.25], "texture": "#1"}
			}
		},
		{
			"from": [7.5, 11.98, 6],
			"to": [8, 12.98, 6.25],
			"rotation": {"angle": 22.5, "axis": "x", "origin": [0, 0.5, -3.5]},
			"faces": {
				"north": {"uv": [0, 0, 0.5, 1], "texture": "#1"},
				"east": {"uv": [0, 0, 0.25, 1], "texture": "#1"},
				"south": {"uv": [0, 0, 0.5, 1], "texture": "#1"},
				"west": {"uv": [0, 0, 0.25, 1], "texture": "#1"},
				"down": {"uv": [0, 0, 0.5, 0.25], "texture": "#1"}
			}
		}
	],
	"display": {
		"thirdperson_righthand": {
			"translation": [-0.25, 0.25, -1],
			"scale": [0.75, 0.75, 0.75]
		},
		"firstperson_righthand": {
			"translation": [-1.5, 3, -3]
		},
		"ground": {
			"translation": [0, 1, 0]
		},
		"gui": {
			"rotation": [22.5, 135, 0],
			"translation": [0, -0.5, 0],
			"scale": [0.7, 0.7, 0.7]
		},
		"fixed": {
			"rotation": [0, -90, 0],
			"translation": [0, 0, -1.5],
			"scale": [0.7, 0.7, 0.7]
		}
	}
}