{
	"credit": "Made with Blockbench",
	"textures": {
		"0": "block/spruce_planks",
		"1": "block/anvil",
		"2": "block/iron_block",
		"particle": "block/spruce_planks"
	},
	"elements": [
		{
			"from": [7.25, 5, 19],
			"to": [8.75, 7, 20],
			"rotation": {"angle": 0, "axis": "y", "origin": [0, 5, 4]},
			"faces": {
				"east": {"uv": [0, 0, 1, 2], "texture": "#0"},
				"south": {"uv": [0, 0, 3, 2], "texture": "#0"},
				"west": {"uv": [0, 0, 1, 2], "texture": "#0"},
				"down": {"uv": [0, 0, 2, 1], "texture": "#0"}
			}
		},
		{
			"from": [7.25, 10.75, 10.175],
			"to": [8.75, 12.75, 17.875],
			"rotation": {"angle": 22.5, "axis": "x", "origin": [0, 5, 4]},
			"faces": {
				"east": {"uv": [0, 0, 7.67, 2], "rotation": 180, "texture": "#0"},
				"west": {"uv": [0, 0, 7.67, 2], "rotation": 180, "texture": "#0"},
				"up": {"uv": [0, 0, 1.5, 7.67], "rotation": 180, "texture": "#0"},
				"down": {"uv": [0, 0, 1.5, 7.67], "rotation": 180, "texture": "#0"}
			}
		},
		{
			"from": [7.26, 7, 14.25],
			"to": [8.74, 9, 20],
			"rotation": {"angle": 0, "axis": "y", "origin": [0, 5, 4]},
			"faces": {
				"north": {"uv": [0, 0, 1.48, 2], "texture": "#0"},
				"east": {"uv": [0, 0, 6, 2], "texture": "#0"},
				"south": {"uv": [0, 0, 1.48, 2], "texture": "#0"},
				"west": {"uv": [0, 0, 6, 2], "texture": "#0"},
				"up": {"uv": [0, 0, 1.48, 6], "texture": "#0"},
				"down": {"uv": [0, 0, 1.48, 6], "texture": "#0"}
			}
		},
		{
			"from": [7, 7, 5.67],
			"to": [9, 10, 12.67],
			"rotation": {"angle": 0, "axis": "y", "origin": [0, 5, 4]},
			"faces": {
				"north": {"uv": [1, 1, 3, 4], "texture": "#2"},
				"east": {"uv": [1, 1, 8, 4], "texture": "#2"},
				"south": {"uv": [1, 1, 3, 4], "texture": "#2"},
				"west": {"uv": [1, 1, 8, 4], "texture": "#2"},
				"up": {"uv": [1, 1, 3, 8], "texture": "#2"},
				"down": {"uv": [1, 1, 3, 8], "texture": "#2"}
			}
		},
		{
			"from": [7.5, 6, 11],
			"to": [8.5, 7, 11.25],
			"rotation": {"angle": 0, "axis": "y", "origin": [0, -1, 2]},
			"faces": {
				"north": {"uv": [0, 0, 1, 1], "texture": "#1"},
				"east": {"uv": [0, 0, 0.25, 1], "texture": "#1"},
				"south": {"uv": [0, 0, 1, 1], "texture": "#1"},
				"west": {"uv": [0, 0, 0.25, 1], "texture": "#1"},
				"down": {"uv": [0, 0, 1, 0.25], "texture": "#1"}
			}
		},
		{
			"from": [7.5, 6, 9],
			"to": [8.5, 7, 9.25],
			"rotation": {"angle": 0, "axis": "y", "origin": [0, -1, 2]},
			"faces": {
				"north": {"uv": [0, 0, 1, 1], "texture": "#1"},
				"east": {"uv": [0, 0, 0.25, 1], "texture": "#1"},
				"south": {"uv": [0, 0, 1, 1], "texture": "#1"},
				"west": {"uv": [0, 0, 0.25, 1], "texture": "#1"},
				"down": {"uv": [0, 0, 1, 0.25], "texture": "#1"}
			}
		},
		{
			"from": [7.5, 5.75, 9.25],
			"to": [8.5, 6, 11],
			"rotation": {"angle": 0, "axis": "y", "origin": [0, -1, 2]},
			"faces": {
				"north": {"uv": [0, 0, 1, 0.25], "texture": "#1"},
				"east": {"uv": [0, 0, 1.75, 0.25], "texture": "#1"},
				"south": {"uv": [0, 0, 1, 0.25], "texture": "#1"},
				"west": {"uv": [0, 0, 1.75, 0.25], "texture": "#1"},
				"up": {"uv": [0, 0, 1, 1.75], "texture": "#1"},
				"down": {"uv": [0, 0, 1, 1.75], "texture": "#1"}
			}
		},
		{
			"from": [7.5, 8.9, 6.7],
			"to": [8, 9.75, 6.95],
			"rotation": {"angle": 22.5, "axis": "x", "origin": [0, -1, 2]},
			"faces": {
				"north": {"uv": [0, 0, 0.5, 0.8], "texture": "#1"},
				"east": {"uv": [0, 0, 0.25, 0.8], "texture": "#1"},
				"south": {"uv": [0, 0, 0.5, 0.8], "texture": "#1"},
				"west": {"uv": [0, 0, 0.25, 0.8], "texture": "#1"},
				"down": {"uv": [0, 0, 0.5, 0.25], "texture": "#1"}
			}
		},
		{
			"from": [7.5, 8.75, -4.33],
			"to": [8.5, 9.75, 5.67],
			"rotation": {"angle": 0, "axis": "y", "origin": [0, 0, 2]},
			"faces": {
				"north": {"uv": [0, 0, 1, 1], "texture": "#2"},
				"east": {"uv": [0, 0, 10, 1], "texture": "#2"},
				"west": {"uv": [0, 0, 10, 1], "texture": "#2"},
				"up": {"uv": [0, 0, 1, 10], "texture": "#2"},
				"down": {"uv": [0, 0, 1, 10], "texture": "#2"}
			}
		},
		{
			"from": [7.5, 7.6, -2.33],
			"to": [8.5, 8.6, 5.67],
			"rotation": {"angle": 0, "axis": "y", "origin": [0, 0, 2]},
			"faces": {
				"north": {"uv": [0, 0, 1, 1], "texture": "#2"},
				"east": {"uv": [0, 0, 8, 1], "texture": "#2"},
				"west": {"uv": [0, 0, 8, 1], "texture": "#2"},
				"up": {"uv": [0, 0, 1, 8], "texture": "#2"},
				"down": {"uv": [0, 0, 1, 8], "texture": "#2"}
			}
		},
		{
			"from": [7.4, 7.5, -2],
			"to": [8.6, 9.85, -1.5],
			"rotation": {"angle": 0, "axis": "y", "origin": [0, 0, 2]},
			"faces": {
				"north": {"uv": [0, 0, 1.2, 2.35], "texture": "#1"},
				"east": {"uv": [0, 0, 0.5, 2.35], "texture": "#1"},
				"south": {"uv": [0, 0, 1.2, 2.35], "texture": "#1"},
				"west": {"uv": [0, 0, 0.5, 2.35], "texture": "#1"},
				"up": {"uv": [0, 0, 1.2, 0.5], "texture": "#1"},
				"down": {"uv": [0, 0, 1.2, 0.5], "texture": "#1"}
			}
		},
		{
			"from": [7.75, 9.75, -4],
			"to": [8.25, 10.25, -3.5],
			"rotation": {"angle": 0, "axis": "y", "origin": [0, 0, 2]},
			"faces": {
				"north": {"uv": [0, 0, 0.5, 0.5], "texture": "#2"},
				"east": {"uv": [0, 0, 0.5, 0.5], "texture": "#2"},
				"south": {"uv": [0, 0, 0.5, 0.5], "texture": "#2"},
				"west": {"uv": [0, 0, 0.5, 0.5], "texture": "#2"},
				"up": {"uv": [0, 0, 0.5, 0.5], "texture": "#2"}
			}
		},
		{
			"from": [7.4, 7.5, -1],
			"to": [8.6, 8.75, 3],
			"rotation": {"angle": 0, "axis": "y", "origin": [0, 0, 2]},
			"faces": {
				"north": {"uv": [0, 0, 1, 1], "texture": "#0"},
				"east": {"uv": [0, 0, 4, 1], "texture": "#0"},
				"south": {"uv": [0, 0, 1, 1], "texture": "#0"},
				"west": {"uv": [0, 0, 4, 1], "texture": "#0"},
				"up": {"uv": [0, 0, 1, 4], "texture": "#0"},
				"down": {"uv": [0, 0, 1, 4], "texture": "#0"}
			}
		}
	],
	"display": {
		"thirdperson_righthand": {
			"translation": [-0.25, 1, -1.5],
			"scale": [0.9, 0.9, 0.9]
		},
		"firstperson_righthand": {
			"translation": [-1.25, 3.5, -2]
		},
		"ground": {
			"translation": [0, 1, 0]
		},
		"gui": {
			"rotation": [22.5, 135, 0],
			"scale": [0.85, 0.85, 0.85]
		},
		"fixed": {
			"rotation": [0, -90, 0],
			"translation": [0, 0, -1.5],
			"scale": [0.8, 0.8, 0.8]
		}
	}
}